EloGroup,ECO,TotalGames,Count_Black_Win,Count_Draw,Count_White_Win,Proportion_Black_Win,Proportion_Draw,Proportion_White_Win
1000-1499,A00,282,162,8,112,0.574468085106383,0.028368794326241134,0.3971631205673759
1000-1499,A01,25,16,1,8,0.64,0.04,0.32
1000-1499,A02,17,5,1,11,0.29411764705882354,0.058823529411764705,0.6470588235294118
1000-1499,A03,10,6,0,4,0.6,0,0.4
1000-1499,A04,39,15,1,23,0.38461538461538464,0.02564102564102564,0.5897435897435898
1000-1499,A05,2,1,0,1,0.5,0,0.5
1000-1499,A06,12,5,0,7,0.4166666666666667,0,0.5833333333333334
1000-1499,A07,2,2,0,0,1,0,0
1000-1499,A09,1,1,0,0,1,0,0
1000-1499,A10,14,6,1,7,0.42857142857142855,0.07142857142857142,0.5
1000-1499,A11,1,1,0,0,1,0,0
1000-1499,A13,2,0,0,2,0,0,1
1000-1499,A15,3,0,0,3,0,0,1
1000-1499,A17,1,1,0,0,1,0,0
1000-1499,A18,1,0,0,1,0,0,1
1000-1499,A20,16,7,0,9,0.4375,0,0.5625
1000-1499,A21,4,2,1,1,0.5,0.25,0.25
1000-1499,A22,2,2,0,0,1,0,0
1000-1499,A25,1,0,0,1,0,0,1
1000-1499,A30,2,1,0,1,0.5,0,0.5
1000-1499,A34,2,1,0,1,0.5,0,0.5
1000-1499,A40,146,76,8,62,0.5205479452054794,0.0547945205479452,0.4246575342465753
1000-1499,A41,24,12,0,12,0.5,0,0.5
1000-1499,A43,13,6,1,6,0.46153846153846156,0.07692307692307693,0.46153846153846156
1000-1499,A44,1,0,0,1,0,0,1
1000-1499,A45,43,21,1,21,0.4883720930232558,0.023255813953488372,0.4883720930232558
1000-1499,A46,15,10,0,5,0.6666666666666666,0,0.3333333333333333
1000-1499,A47,1,1,0,0,1,0,0
1000-1499,A48,7,2,0,5,0.2857142857142857,0,0.7142857142857143
1000-1499,A50,2,0,0,2,0,0,1
1000-1499,A52,1,0,0,1,0,0,1
1000-1499,A53,2,0,0,2,0,0,1
1000-1499,A56,1,1,0,0,1,0,0
1000-1499,A80,3,1,0,2,0.3333333333333333,0,0.6666666666666666
1000-1499,B00,108,46,3,59,0.42592592592592593,0.027777777777777776,0.5462962962962963
1000-1499,B01,109,41,3,65,0.3761467889908257,0.027522935779816515,0.5963302752293578
1000-1499,B02,12,2,0,10,0.16666666666666666,0,0.8333333333333334
1000-1499,B03,1,0,0,1,0,0,1
1000-1499,B04,1,0,0,1,0,0,1
1000-1499,B06,54,22,4,28,0.4074074074074074,0.07407407407407407,0.5185185185185185
1000-1499,B07,98,45,5,48,0.45918367346938777,0.05102040816326531,0.4897959183673469
1000-1499,B08,1,0,0,1,0,0,1
1000-1499,B10,21,13,1,7,0.6190476190476191,0.047619047619047616,0.3333333333333333
1000-1499,B12,12,6,1,5,0.5,0.08333333333333333,0.4166666666666667
1000-1499,B15,1,0,0,1,0,0,1
1000-1499,B18,1,0,0,1,0,0,1
1000-1499,B20,64,33,2,29,0.515625,0.03125,0.453125
1000-1499,B21,9,5,0,4,0.5555555555555556,0,0.4444444444444444
1000-1499,B22,16,6,1,9,0.375,0.0625,0.5625
1000-1499,B23,1,1,0,0,1,0,0
1000-1499,B24,3,1,0,2,0.3333333333333333,0,0.6666666666666666
1000-1499,B27,3,1,0,2,0.3333333333333333,0,0.6666666666666666
1000-1499,B30,20,12,0,8,0.6,0,0.4
1000-1499,B32,2,2,0,0,1,0,0
1000-1499,B33,1,1,0,0,1,0,0
1000-1499,B40,22,11,2,9,0.5,0.09090909090909091,0.4090909090909091
1000-1499,B44,1,1,0,0,1,0,0
1000-1499,B45,1,0,0,1,0,0,1
1000-1499,B46,1,0,0,1,0,0,1
1000-1499,B50,12,2,0,10,0.16666666666666666,0,0.8333333333333334
1000-1499,B51,8,6,1,1,0.75,0.125,0.125
1000-1499,B52,3,3,0,0,1,0,0
1000-1499,B54,1,1,0,0,1,0,0
1000-1499,B82,2,2,0,0,1,0,0
1000-1499,B90,1,0,0,1,0,0,1
1000-1499,C00,113,59,0,54,0.5221238938053098,0,0.4778761061946903
1000-1499,C01,8,3,0,5,0.375,0,0.625
1000-1499,C02,31,17,0,14,0.5483870967741935,0,0.45161290322580644
1000-1499,C10,2,1,0,1,0.5,0,0.5
1000-1499,C11,1,0,1,0,0,1,0
1000-1499,C13,1,1,0,0,1,0,0
1000-1499,C15,1,1,0,0,1,0,0
1000-1499,C20,168,79,6,83,0.47023809523809523,0.03571428571428571,0.49404761904761907
1000-1499,C21,39,19,3,17,0.48717948717948717,0.07692307692307693,0.4358974358974359
1000-1499,C22,14,9,0,5,0.6428571428571429,0,0.35714285714285715
1000-1499,C23,65,22,0,43,0.3384615384615385,0,0.6615384615384615
1000-1499,C24,15,9,0,6,0.6,0,0.4
1000-1499,C25,28,14,0,14,0.5,0,0.5
1000-1499,C26,21,12,1,8,0.5714285714285714,0.047619047619047616,0.38095238095238093
1000-1499,C28,6,3,0,3,0.5,0,0.5
1000-1499,C29,1,0,0,1,0,0,1
1000-1499,C30,37,12,0,25,0.32432432432432434,0,0.6756756756756757
1000-1499,C31,1,1,0,0,1,0,0
1000-1499,C34,15,8,0,7,0.5333333333333333,0,0.4666666666666667
1000-1499,C35,1,0,0,1,0,0,1
1000-1499,C36,2,1,0,1,0.5,0,0.5
1000-1499,C37,1,0,0,1,0,0,1
1000-1499,C39,2,2,0,0,1,0,0
1000-1499,C40,70,41,1,28,0.5857142857142857,0.014285714285714285,0.4
1000-1499,C41,202,109,5,88,0.5396039603960396,0.024752475247524754,0.43564356435643564
1000-1499,C42,53,28,6,19,0.5283018867924528,0.11320754716981132,0.3584905660377358
1000-1499,C43,8,5,0,3,0.625,0,0.375
1000-1499,C44,71,29,3,39,0.4084507042253521,0.04225352112676056,0.5492957746478874
1000-1499,C45,20,9,0,11,0.45,0,0.55
1000-1499,C46,14,8,0,6,0.5714285714285714,0,0.42857142857142855
1000-1499,C47,23,14,0,9,0.6086956521739131,0,0.391304347826087
1000-1499,C48,6,4,0,2,0.6666666666666666,0,0.3333333333333333
1000-1499,C49,4,2,0,2,0.5,0,0.5
1000-1499,C50,79,32,1,46,0.4050632911392405,0.012658227848101266,0.5822784810126582
1000-1499,C51,4,1,0,3,0.25,0,0.75
1000-1499,C53,2,0,0,2,0,0,1
1000-1499,C54,2,1,0,1,0.5,0,0.5
1000-1499,C55,14,3,1,10,0.21428571428571427,0.07142857142857142,0.7142857142857143
1000-1499,C57,11,4,0,7,0.36363636363636365,0,0.6363636363636364
1000-1499,C58,6,2,0,4,0.3333333333333333,0,0.6666666666666666
1000-1499,C60,30,17,2,11,0.5666666666666667,0.06666666666666667,0.36666666666666664
1000-1499,C61,10,5,0,5,0.5,0,0.5
1000-1499,C62,16,8,0,8,0.5,0,0.5
1000-1499,C64,22,12,0,10,0.5454545454545454,0,0.45454545454545453
1000-1499,C65,15,7,0,8,0.4666666666666667,0,0.5333333333333333
1000-1499,C66,2,1,0,1,0.5,0,0.5
1000-1499,C67,1,0,0,1,0,0,1
1000-1499,C68,11,7,0,4,0.6363636363636364,0,0.36363636363636365
1000-1499,C70,1,0,1,0,0,1,0
1000-1499,C71,1,0,1,0,0,1,0
1000-1499,C77,8,4,1,3,0.5,0.125,0.375
1000-1499,C78,1,0,1,0,0,1,0
1000-1499,C79,2,1,0,1,0.5,0,0.5
1000-1499,D00,191,89,9,93,0.46596858638743455,0.04712041884816754,0.4869109947643979
1000-1499,D01,3,0,0,3,0,0,1
1000-1499,D02,139,62,10,67,0.4460431654676259,0.07194244604316546,0.48201438848920863
1000-1499,D03,1,0,0,1,0,0,1
1000-1499,D04,20,5,1,14,0.25,0.05,0.7
1000-1499,D06,29,15,0,14,0.5172413793103449,0,0.4827586206896552
1000-1499,D07,4,0,0,4,0,0,1
1000-1499,D08,1,1,0,0,1,0,0
1000-1499,D10,8,5,0,3,0.625,0,0.375
1000-1499,D11,2,0,0,2,0,0,1
1000-1499,D12,1,1,0,0,1,0,0
1000-1499,D15,1,0,0,1,0,0,1
1000-1499,D20,29,9,4,16,0.3103448275862069,0.13793103448275862,0.5517241379310345
1000-1499,D24,1,1,0,0,1,0,0
1000-1499,D26,1,1,0,0,1,0,0
1000-1499,D30,11,6,0,5,0.5454545454545454,0,0.45454545454545453
1000-1499,D31,19,4,1,14,0.21052631578947367,0.05263157894736842,0.7368421052631579
1000-1499,D35,3,2,0,1,0.6666666666666666,0,0.3333333333333333
1000-1499,D37,3,0,0,3,0,0,1
1000-1499,D38,3,2,0,1,0.6666666666666666,0,0.3333333333333333
1000-1499,D50,5,3,0,2,0.6,0,0.4
1000-1499,D51,1,0,0,1,0,0,1
1000-1499,D63,1,0,0,1,0,0,1
1000-1499,D70,1,0,0,1,0,0,1
1000-1499,D80,1,0,0,1,0,0,1
1000-1499,E00,5,1,0,4,0.2,0,0.8
1000-1499,E10,1,0,0,1,0,0,1
1000-1499,E30,1,0,0,1,0,0,1
1000-1499,E34,1,0,0,1,0,0,1
1000-1499,E60,1,0,0,1,0,0,1
1000-1499,E61,3,3,0,0,1,0,0
1000-1499,E90,1,1,0,0,1,0,0
1500-1999,A00,1181,593,55,533,0.502116850127011,0.04657070279424217,0.45131244707874685
1500-1999,A01,51,30,2,19,0.5882352941176471,0.0392156862745098,0.37254901960784315
1500-1999,A02,192,95,7,90,0.4947916666666667,0.036458333333333336,0.46875
1500-1999,A03,165,84,7,74,0.509090909090909,0.04242424242424243,0.4484848484848485
1500-1999,A04,290,109,8,173,0.3758620689655172,0.027586206896551724,0.596551724137931
1500-1999,A05,31,15,1,15,0.4838709677419355,0.03225806451612903,0.4838709677419355
1500-1999,A06,171,66,6,99,0.38596491228070173,0.03508771929824561,0.5789473684210527
1500-1999,A07,39,24,0,15,0.6153846153846154,0,0.38461538461538464
1500-1999,A08,12,5,0,7,0.4166666666666667,0,0.5833333333333334
1500-1999,A09,93,41,9,43,0.44086021505376344,0.0967741935483871,0.46236559139784944
1500-1999,A10,89,38,5,46,0.42696629213483145,0.056179775280898875,0.5168539325842697
1500-1999,A11,35,13,1,21,0.37142857142857144,0.02857142857142857,0.6
1500-1999,A12,3,1,0,2,0.3333333333333333,0,0.6666666666666666
1500-1999,A13,51,22,4,25,0.43137254901960786,0.0784313725490196,0.49019607843137253
1500-1999,A15,18,7,1,10,0.3888888888888889,0.05555555555555555,0.5555555555555556
1500-1999,A16,20,10,1,9,0.5,0.05,0.45
1500-1999,A17,8,5,0,3,0.625,0,0.375
1500-1999,A18,4,0,1,3,0,0.25,0.75
1500-1999,A20,108,48,8,52,0.4444444444444444,0.07407407407407407,0.48148148148148145
1500-1999,A21,57,20,6,31,0.3508771929824561,0.10526315789473684,0.543859649122807
1500-1999,A22,73,35,2,36,0.4794520547945205,0.0273972602739726,0.4931506849315068
1500-1999,A23,5,5,0,0,1,0,0
1500-1999,A24,1,1,0,0,1,0,0
1500-1999,A25,13,4,0,9,0.3076923076923077,0,0.6923076923076923
1500-1999,A26,1,1,0,0,1,0,0
1500-1999,A27,4,1,0,3,0.25,0,0.75
1500-1999,A28,9,5,0,4,0.5555555555555556,0,0.4444444444444444
1500-1999,A29,8,2,0,6,0.25,0,0.75
1500-1999,A30,53,25,5,23,0.4716981132075472,0.09433962264150944,0.4339622641509434
1500-1999,A31,6,4,1,1,0.6666666666666666,0.16666666666666666,0.16666666666666666
1500-1999,A32,2,2,0,0,1,0,0
1500-1999,A33,4,4,0,0,1,0,0
1500-1999,A34,21,8,1,12,0.38095238095238093,0.047619047619047616,0.5714285714285714
1500-1999,A35,21,9,4,8,0.42857142857142855,0.19047619047619047,0.38095238095238093
1500-1999,A36,17,7,0,10,0.4117647058823529,0,0.5882352941176471
1500-1999,A37,2,1,0,1,0.5,0,0.5
1500-1999,A38,5,1,0,4,0.2,0,0.8
1500-1999,A40,681,322,33,326,0.47283406754772395,0.048458149779735685,0.4787077826725404
1500-1999,A41,145,62,10,73,0.42758620689655175,0.06896551724137931,0.503448275862069
1500-1999,A42,15,8,2,5,0.5333333333333333,0.13333333333333333,0.3333333333333333
1500-1999,A43,63,28,2,33,0.4444444444444444,0.031746031746031744,0.5238095238095238
1500-1999,A44,7,3,1,3,0.42857142857142855,0.14285714285714285,0.42857142857142855
1500-1999,A45,283,150,18,115,0.5300353356890459,0.0636042402826855,0.40636042402826855
1500-1999,A46,101,45,5,51,0.44554455445544555,0.04950495049504951,0.504950495049505
1500-1999,A47,28,16,1,11,0.5714285714285714,0.03571428571428571,0.39285714285714285
1500-1999,A48,74,36,6,32,0.4864864864864865,0.08108108108108109,0.43243243243243246
1500-1999,A49,2,0,0,2,0,0,1
1500-1999,A50,35,9,1,25,0.2571428571428571,0.02857142857142857,0.7142857142857143
1500-1999,A51,51,25,0,26,0.49019607843137253,0,0.5098039215686274
1500-1999,A52,35,16,6,13,0.45714285714285713,0.17142857142857143,0.37142857142857144
1500-1999,A53,38,15,0,23,0.39473684210526316,0,0.6052631578947368
1500-1999,A56,20,10,1,9,0.5,0.05,0.45
1500-1999,A57,8,4,0,4,0.5,0,0.5
1500-1999,A59,1,0,0,1,0,0,1
1500-1999,A60,2,1,0,1,0.5,0,0.5
1500-1999,A62,3,2,0,1,0.6666666666666666,0,0.3333333333333333
1500-1999,A65,2,1,1,0,0.5,0.5,0
1500-1999,A70,4,1,1,2,0.25,0.25,0.5
1500-1999,A73,2,1,0,1,0.5,0,0.5
1500-1999,A80,56,29,1,26,0.5178571428571429,0.017857142857142856,0.4642857142857143
1500-1999,A81,4,1,0,3,0.25,0,0.75
1500-1999,A82,7,4,0,3,0.5714285714285714,0,0.42857142857142855
1500-1999,A83,4,2,1,1,0.5,0.25,0.25
1500-1999,A84,3,1,0,2,0.3333333333333333,0,0.6666666666666666
1500-1999,A85,30,14,3,13,0.4666666666666667,0.1,0.43333333333333335
1500-1999,A86,1,1,0,0,1,0,0
1500-1999,A87,1,0,0,1,0,0,1
1500-1999,A88,3,1,0,2,0.3333333333333333,0,0.6666666666666666
1500-1999,A89,1,1,0,0,1,0,0
1500-1999,A90,3,2,0,1,0.6666666666666666,0,0.3333333333333333
1500-1999,A92,1,0,0,1,0,0,1
1500-1999,A96,1,0,0,1,0,0,1
1500-1999,A98,2,2,0,0,1,0,0
1500-1999,B00,791,356,35,400,0.450063211125158,0.04424778761061947,0.5056890012642224
1500-1999,B01,899,472,37,390,0.525027808676307,0.041156840934371525,0.43381535038932145
1500-1999,B02,150,80,9,61,0.5333333333333333,0.06,0.4066666666666667
1500-1999,B03,35,16,0,19,0.45714285714285713,0,0.5428571428571428
1500-1999,B04,2,1,0,1,0.5,0,0.5
1500-1999,B05,10,7,0,3,0.7,0,0.3
1500-1999,B06,400,179,9,212,0.4475,0.0225,0.53
1500-1999,B07,702,301,22,379,0.4287749287749288,0.03133903133903134,0.5398860398860399
1500-1999,B08,45,21,3,21,0.4666666666666667,0.06666666666666667,0.4666666666666667
1500-1999,B09,5,4,0,1,0.8,0,0.2
1500-1999,B10,274,113,22,139,0.4124087591240876,0.08029197080291971,0.5072992700729927
1500-1999,B11,2,1,0,1,0.5,0,0.5
1500-1999,B12,187,100,11,76,0.5347593582887701,0.058823529411764705,0.40641711229946526
1500-1999,B13,89,39,6,44,0.43820224719101125,0.06741573033707865,0.4943820224719101
1500-1999,B14,7,1,2,4,0.14285714285714285,0.2857142857142857,0.5714285714285714
1500-1999,B15,19,6,0,13,0.3157894736842105,0,0.6842105263157895
1500-1999,B17,5,2,1,2,0.4,0.2,0.4
1500-1999,B18,23,10,2,11,0.43478260869565216,0.08695652173913043,0.4782608695652174
1500-1999,B19,8,3,2,3,0.375,0.25,0.375
1500-1999,B20,698,400,28,270,0.5730659025787965,0.04011461318051576,0.3868194842406877
1500-1999,B21,385,172,23,190,0.44675324675324674,0.05974025974025974,0.4935064935064935
1500-1999,B22,303,145,11,147,0.47854785478547857,0.036303630363036306,0.48514851485148514
1500-1999,B23,173,87,5,81,0.5028901734104047,0.028901734104046242,0.4682080924855491
1500-1999,B24,10,4,0,6,0.4,0,0.6
1500-1999,B25,5,1,0,4,0.2,0,0.8
1500-1999,B26,1,0,0,1,0,0,1
1500-1999,B27,65,26,5,34,0.4,0.07692307692307693,0.5230769230769231
1500-1999,B28,90,51,5,34,0.5666666666666667,0.05555555555555555,0.37777777777777777
1500-1999,B29,7,3,0,4,0.42857142857142855,0,0.5714285714285714
1500-1999,B30,416,199,23,194,0.47836538461538464,0.055288461538461536,0.46634615384615385
1500-1999,B31,31,14,2,15,0.45161290322580644,0.06451612903225806,0.4838709677419355
1500-1999,B32,140,60,5,75,0.42857142857142855,0.03571428571428571,0.5357142857142857
1500-1999,B33,30,10,1,19,0.3333333333333333,0.03333333333333333,0.6333333333333333
1500-1999,B34,33,16,1,16,0.48484848484848486,0.030303030303030304,0.48484848484848486
1500-1999,B35,3,0,0,3,0,0,1
1500-1999,B36,2,0,0,2,0,0,1
1500-1999,B37,1,0,0,1,0,0,1
1500-1999,B38,10,5,1,4,0.5,0.1,0.4
1500-1999,B39,1,1,0,0,1,0,0
1500-1999,B40,196,107,5,84,0.5459183673469388,0.025510204081632654,0.42857142857142855
1500-1999,B41,17,9,2,6,0.5294117647058824,0.11764705882352941,0.35294117647058826
1500-1999,B42,4,2,0,2,0.5,0,0.5
1500-1999,B43,28,19,1,8,0.6785714285714286,0.03571428571428571,0.2857142857142857
1500-1999,B44,31,20,1,10,0.6451612903225806,0.03225806451612903,0.3225806451612903
1500-1999,B45,24,13,0,11,0.5416666666666666,0,0.4583333333333333
1500-1999,B46,19,8,1,10,0.42105263157894735,0.05263157894736842,0.5263157894736842
1500-1999,B47,3,1,0,2,0.3333333333333333,0,0.6666666666666666
1500-1999,B49,3,2,0,1,0.6666666666666666,0,0.3333333333333333
1500-1999,B50,325,177,15,133,0.5446153846153846,0.046153846153846156,0.40923076923076923
1500-1999,B51,29,13,1,15,0.4482758620689655,0.034482758620689655,0.5172413793103449
1500-1999,B52,18,13,1,4,0.7222222222222222,0.05555555555555555,0.2222222222222222
1500-1999,B53,16,8,2,6,0.5,0.125,0.375
1500-1999,B54,53,25,2,26,0.4716981132075472,0.03773584905660377,0.49056603773584906
1500-1999,B56,10,4,0,6,0.4,0,0.6
1500-1999,B57,4,2,0,2,0.5,0,0.5
1500-1999,B58,7,4,0,3,0.5714285714285714,0,0.42857142857142855
1500-1999,B59,5,3,1,1,0.6,0.2,0.2
1500-1999,B60,1,1,0,0,1,0,0
1500-1999,B62,1,0,0,1,0,0,1
1500-1999,B70,14,8,1,5,0.5714285714285714,0.07142857142857142,0.35714285714285715
1500-1999,B71,1,0,0,1,0,0,1
1500-1999,B72,9,5,1,3,0.5555555555555556,0.1111111111111111,0.3333333333333333
1500-1999,B73,22,13,1,8,0.5909090909090909,0.045454545454545456,0.36363636363636365
1500-1999,B74,2,1,0,1,0.5,0,0.5
1500-1999,B75,4,0,2,2,0,0.5,0.5
1500-1999,B76,4,3,0,1,0.75,0,0.25
1500-1999,B77,2,1,0,1,0.5,0,0.5
1500-1999,B78,3,1,0,2,0.3333333333333333,0,0.6666666666666666
1500-1999,B80,6,2,0,4,0.3333333333333333,0,0.6666666666666666
1500-1999,B82,1,0,0,1,0,0,1
1500-1999,B83,4,4,0,0,1,0,0
1500-1999,B84,12,6,0,6,0.5,0,0.5
1500-1999,B85,8,5,0,3,0.625,0,0.375
1500-1999,B86,10,7,0,3,0.7,0,0.3
1500-1999,B87,1,1,0,0,1,0,0
1500-1999,B88,5,1,1,3,0.2,0.2,0.6
1500-1999,B89,2,2,0,0,1,0,0
1500-1999,B90,26,9,0,17,0.34615384615384615,0,0.6538461538461539
1500-1999,B91,2,1,1,0,0.5,0.5,0
1500-1999,B92,7,2,1,4,0.2857142857142857,0.14285714285714285,0.5714285714285714
1500-1999,B93,2,2,0,0,1,0,0
1500-1999,B94,2,1,1,0,0.5,0.5,0
1500-1999,B95,4,3,0,1,0.75,0,0.25
1500-1999,B98,2,1,0,1,0.5,0,0.5
1500-1999,B99,1,0,0,1,0,0,1
1500-1999,C00,755,375,33,347,0.4966887417218543,0.04370860927152318,0.4596026490066225
1500-1999,C01,182,95,7,80,0.521978021978022,0.038461538461538464,0.43956043956043955
1500-1999,C02,372,174,25,173,0.46774193548387094,0.06720430107526881,0.4650537634408602
1500-1999,C03,3,2,0,1,0.6666666666666666,0,0.3333333333333333
1500-1999,C05,19,11,0,8,0.5789473684210527,0,0.42105263157894735
1500-1999,C06,4,2,0,2,0.5,0,0.5
1500-1999,C07,14,7,0,7,0.5,0,0.5
1500-1999,C08,1,0,1,0,0,1,0
1500-1999,C10,57,16,7,34,0.2807017543859649,0.12280701754385964,0.5964912280701754
1500-1999,C11,47,24,4,19,0.5106382978723404,0.0851063829787234,0.40425531914893614
1500-1999,C12,6,4,0,2,0.6666666666666666,0,0.3333333333333333
1500-1999,C13,7,4,0,3,0.5714285714285714,0,0.42857142857142855
1500-1999,C14,5,2,0,3,0.4,0,0.6
1500-1999,C15,10,2,2,6,0.2,0.2,0.6
1500-1999,C16,10,3,0,7,0.3,0,0.7
1500-1999,C17,11,6,0,5,0.5454545454545454,0,0.45454545454545453
1500-1999,C18,9,6,2,1,0.6666666666666666,0.2222222222222222,0.1111111111111111
1500-1999,C20,519,273,16,230,0.5260115606936416,0.030828516377649325,0.44315992292870904
1500-1999,C21,156,65,5,86,0.4166666666666667,0.03205128205128205,0.5512820512820513
1500-1999,C22,90,41,3,46,0.45555555555555555,0.03333333333333333,0.5111111111111111
1500-1999,C23,408,196,11,201,0.4803921568627451,0.02696078431372549,0.49264705882352944
1500-1999,C24,196,76,6,114,0.3877551020408163,0.030612244897959183,0.5816326530612245
1500-1999,C25,243,104,9,130,0.4279835390946502,0.037037037037037035,0.5349794238683128
1500-1999,C26,155,62,7,86,0.4,0.04516129032258064,0.5548387096774193
1500-1999,C27,2,1,0,1,0.5,0,0.5
1500-1999,C28,39,24,1,14,0.6153846153846154,0.02564102564102564,0.358974358974359
1500-1999,C29,44,18,0,26,0.4090909090909091,0,0.5909090909090909
1500-1999,C30,404,149,13,242,0.3688118811881188,0.03217821782178218,0.599009900990099
1500-1999,C31,76,29,2,45,0.3815789473684211,0.02631578947368421,0.5921052631578947
1500-1999,C32,3,1,0,2,0.3333333333333333,0,0.6666666666666666
1500-1999,C33,84,37,5,42,0.44047619047619047,0.05952380952380952,0.5
1500-1999,C34,210,101,10,99,0.48095238095238096,0.047619047619047616,0.4714285714285714
1500-1999,C35,30,15,0,15,0.5,0,0.5
1500-1999,C36,55,25,1,29,0.45454545454545453,0.01818181818181818,0.5272727272727272
1500-1999,C37,45,24,1,20,0.5333333333333333,0.022222222222222223,0.4444444444444444
1500-1999,C38,7,3,0,4,0.42857142857142855,0,0.5714285714285714
1500-1999,C39,19,11,1,7,0.5789473684210527,0.05263157894736842,0.3684210526315789
1500-1999,C40,315,134,9,172,0.4253968253968254,0.02857142857142857,0.546031746031746
1500-1999,C41,1593,697,78,818,0.43753923414940366,0.04896421845574388,0.5134965473948525
1500-1999,C42,429,192,15,222,0.44755244755244755,0.03496503496503497,0.5174825174825175
1500-1999,C43,19,11,1,7,0.5789473684210527,0.05263157894736842,0.3684210526315789
1500-1999,C44,752,347,38,367,0.46143617021276595,0.05053191489361702,0.488031914893617
1500-1999,C45,296,120,11,165,0.40540540540540543,0.037162162162162164,0.5574324324324325
1500-1999,C46,99,42,1,56,0.42424242424242425,0.010101010101010102,0.5656565656565656
1500-1999,C47,149,70,16,63,0.4697986577181208,0.10738255033557047,0.4228187919463087
1500-1999,C48,23,10,1,12,0.43478260869565216,0.043478260869565216,0.5217391304347826
1500-1999,C49,3,3,0,0,1,0,0
1500-1999,C50,863,410,37,416,0.47508690614136734,0.04287369640787949,0.4820393974507532
1500-1999,C51,25,10,0,15,0.4,0,0.6
1500-1999,C52,18,9,1,8,0.5,0.05555555555555555,0.4444444444444444
1500-1999,C53,82,36,5,41,0.43902439024390244,0.06097560975609756,0.5
1500-1999,C54,83,40,4,39,0.4819277108433735,0.04819277108433735,0.46987951807228917
1500-1999,C55,245,117,8,120,0.4775510204081633,0.0326530612244898,0.4897959183673469
1500-1999,C56,2,1,0,1,0.5,0,0.5
1500-1999,C57,110,53,5,52,0.4818181818181818,0.045454545454545456,0.4727272727272727
1500-1999,C58,52,25,1,26,0.4807692307692308,0.019230769230769232,0.5
1500-1999,C59,11,6,0,5,0.5454545454545454,0,0.45454545454545453
1500-1999,C60,158,68,9,81,0.43037974683544306,0.056962025316455694,0.5126582278481012
1500-1999,C61,94,38,2,54,0.40425531914893614,0.02127659574468085,0.574468085106383
1500-1999,C62,115,47,7,61,0.40869565217391307,0.06086956521739131,0.5304347826086957
1500-1999,C63,10,6,1,3,0.6,0.1,0.3
1500-1999,C64,71,29,3,39,0.4084507042253521,0.04225352112676056,0.5492957746478874
1500-1999,C65,98,38,10,50,0.3877551020408163,0.10204081632653061,0.5102040816326531
1500-1999,C66,12,5,1,6,0.4166666666666667,0.08333333333333333,0.5
1500-1999,C67,32,14,3,15,0.4375,0.09375,0.46875
1500-1999,C68,60,42,2,16,0.7,0.03333333333333333,0.26666666666666666
1500-1999,C70,20,12,1,7,0.6,0.05,0.35
1500-1999,C71,4,2,0,2,0.5,0,0.5
1500-1999,C72,4,2,1,1,0.5,0.25,0.25
1500-1999,C74,1,0,0,1,0,0,1
1500-1999,C75,4,2,1,1,0.5,0.25,0.25
1500-1999,C77,26,10,2,14,0.38461538461538464,0.07692307692307693,0.5384615384615384
1500-1999,C78,12,4,1,7,0.3333333333333333,0.08333333333333333,0.5833333333333334
1500-1999,C79,3,2,0,1,0.6666666666666666,0,0.3333333333333333
1500-1999,C80,7,1,0,6,0.14285714285714285,0,0.8571428571428571
1500-1999,C84,4,0,0,4,0,0,1
1500-1999,C87,4,0,0,4,0,0,1
1500-1999,C88,6,3,1,2,0.5,0.16666666666666666,0.3333333333333333
1500-1999,C89,2,1,0,1,0.5,0,0.5
1500-1999,C90,2,1,0,1,0.5,0,0.5
1500-1999,C91,1,0,1,0,0,1,0
1500-1999,C92,4,1,1,2,0.25,0.25,0.5
1500-1999,C97,1,0,0,1,0,0,1
1500-1999,D00,950,457,55,438,0.48105263157894734,0.05789473684210526,0.4610526315789474
1500-1999,D01,16,10,0,6,0.625,0,0.375
1500-1999,D02,710,345,43,322,0.4859154929577465,0.06056338028169014,0.4535211267605634
1500-1999,D03,39,19,2,18,0.48717948717948717,0.05128205128205128,0.46153846153846156
1500-1999,D04,43,16,3,24,0.37209302325581395,0.06976744186046512,0.5581395348837209
1500-1999,D05,39,19,3,17,0.48717948717948717,0.07692307692307693,0.4358974358974359
1500-1999,D06,192,58,8,126,0.3020833333333333,0.041666666666666664,0.65625
1500-1999,D07,53,22,6,25,0.41509433962264153,0.11320754716981132,0.4716981132075472
1500-1999,D08,16,7,1,8,0.4375,0.0625,0.5
1500-1999,D09,2,1,0,1,0.5,0,0.5
1500-1999,D10,150,68,11,71,0.4533333333333333,0.07333333333333333,0.47333333333333333
1500-1999,D11,61,22,6,33,0.36065573770491804,0.09836065573770492,0.5409836065573771
1500-1999,D12,31,17,2,12,0.5483870967741935,0.06451612903225806,0.3870967741935484
1500-1999,D13,10,5,0,5,0.5,0,0.5
1500-1999,D14,1,0,0,1,0,0,1
1500-1999,D15,34,13,3,18,0.38235294117647056,0.08823529411764706,0.5294117647058824
1500-1999,D16,2,2,0,0,1,0,0
1500-1999,D20,232,72,4,156,0.3103448275862069,0.017241379310344827,0.6724137931034483
1500-1999,D21,14,4,2,8,0.2857142857142857,0.14285714285714285,0.5714285714285714
1500-1999,D22,4,2,0,2,0.5,0,0.5
1500-1999,D23,2,0,0,2,0,0,1
1500-1999,D24,10,3,2,5,0.3,0.2,0.5
1500-1999,D25,5,1,0,4,0.2,0,0.8
1500-1999,D26,6,4,0,2,0.6666666666666666,0,0.3333333333333333
1500-1999,D27,1,0,1,0,0,1,0
1500-1999,D30,102,35,10,57,0.3431372549019608,0.09803921568627451,0.5588235294117647
1500-1999,D31,110,45,4,61,0.4090909090909091,0.03636363636363636,0.5545454545454546
1500-1999,D32,31,9,3,19,0.2903225806451613,0.0967741935483871,0.6129032258064516
1500-1999,D33,2,1,0,1,0.5,0,0.5
1500-1999,D34,2,0,0,2,0,0,1
1500-1999,D35,53,11,8,34,0.20754716981132076,0.1509433962264151,0.6415094339622641
1500-1999,D36,2,2,0,0,1,0,0
1500-1999,D37,32,10,3,19,0.3125,0.09375,0.59375
1500-1999,D38,28,11,2,15,0.39285714285714285,0.07142857142857142,0.5357142857142857
1500-1999,D40,25,11,0,14,0.44,0,0.56
1500-1999,D41,2,0,0,2,0,0,1
1500-1999,D43,55,22,5,28,0.4,0.09090909090909091,0.509090909090909
1500-1999,D45,16,8,0,8,0.5,0,0.5
1500-1999,D46,5,2,1,2,0.4,0.2,0.4
1500-1999,D47,4,2,1,1,0.5,0.25,0.25
1500-1999,D50,13,4,1,8,0.3076923076923077,0.07692307692307693,0.6153846153846154
1500-1999,D51,8,3,0,5,0.375,0,0.625
1500-1999,D52,1,1,0,0,1,0,0
1500-1999,D53,34,12,3,19,0.35294117647058826,0.08823529411764706,0.5588235294117647
1500-1999,D55,5,2,1,2,0.4,0.2,0.4
1500-1999,D56,2,2,0,0,1,0,0
1500-1999,D57,1,1,0,0,1,0,0
1500-1999,D58,3,1,0,2,0.3333333333333333,0,0.6666666666666666
1500-1999,D60,14,9,0,5,0.6428571428571429,0,0.35714285714285715
1500-1999,D61,1,1,0,0,1,0,0
1500-1999,D63,2,1,0,1,0.5,0,0.5
1500-1999,D70,5,1,1,3,0.2,0.2,0.6
1500-1999,D72,1,1,0,0,1,0,0
1500-1999,D73,2,2,0,0,1,0,0
1500-1999,D77,1,0,0,1,0,0,1
1500-1999,D78,5,2,0,3,0.4,0,0.6
1500-1999,D80,7,5,0,2,0.7142857142857143,0,0.2857142857142857
1500-1999,D82,4,2,0,2,0.5,0,0.5
1500-1999,D85,10,3,1,6,0.3,0.1,0.6
1500-1999,D86,2,2,0,0,1,0,0
1500-1999,D90,6,2,1,3,0.3333333333333333,0.16666666666666666,0.5
1500-1999,D91,7,2,0,5,0.2857142857142857,0,0.7142857142857143
1500-1999,D92,15,5,1,9,0.3333333333333333,0.06666666666666667,0.6
1500-1999,D93,4,3,0,1,0.75,0,0.25
1500-1999,D94,10,3,0,7,0.3,0,0.7
1500-1999,E00,55,26,1,28,0.4727272727272727,0.01818181818181818,0.509090909090909
1500-1999,E01,9,3,1,5,0.3333333333333333,0.1111111111111111,0.5555555555555556
1500-1999,E04,1,1,0,0,1,0,0
1500-1999,E05,1,0,0,1,0,0,1
1500-1999,E06,2,1,0,1,0.5,0,0.5
1500-1999,E10,6,3,0,3,0.5,0,0.5
1500-1999,E11,8,2,1,5,0.25,0.125,0.625
1500-1999,E12,6,2,1,3,0.3333333333333333,0.16666666666666666,0.5
1500-1999,E14,3,1,0,2,0.3333333333333333,0,0.6666666666666666
1500-1999,E15,1,1,0,0,1,0,0
1500-1999,E16,1,1,0,0,1,0,0
1500-1999,E18,2,1,0,1,0.5,0,0.5
1500-1999,E20,13,10,0,3,0.7692307692307693,0,0.23076923076923078
1500-1999,E21,11,7,1,3,0.6363636363636364,0.09090909090909091,0.2727272727272727
1500-1999,E22,1,0,0,1,0,0,1
1500-1999,E24,6,3,1,2,0.5,0.16666666666666666,0.3333333333333333
1500-1999,E26,1,1,0,0,1,0,0
1500-1999,E27,5,1,0,4,0.2,0,0.8
1500-1999,E30,12,7,2,3,0.5833333333333334,0.16666666666666666,0.25
1500-1999,E32,4,0,0,4,0,0,1
1500-1999,E33,2,1,0,1,0.5,0,0.5
1500-1999,E34,3,1,0,2,0.3333333333333333,0,0.6666666666666666
1500-1999,E36,1,1,0,0,1,0,0
1500-1999,E38,3,2,0,1,0.6666666666666666,0,0.3333333333333333
1500-1999,E40,2,2,0,0,1,0,0
1500-1999,E41,3,1,0,2,0.3333333333333333,0,0.6666666666666666
1500-1999,E43,1,0,0,1,0,0,1
1500-1999,E49,1,0,0,1,0,0,1
1500-1999,E51,4,1,0,3,0.25,0,0.75
1500-1999,E53,1,0,0,1,0,0,1
1500-1999,E60,22,13,3,6,0.5909090909090909,0.13636363636363635,0.2727272727272727
1500-1999,E61,35,16,1,18,0.45714285714285713,0.02857142857142857,0.5142857142857142
1500-1999,E62,3,3,0,0,1,0,0
1500-1999,E65,2,0,1,1,0,0.5,0.5
1500-1999,E67,4,2,0,2,0.5,0,0.5
1500-1999,E68,1,0,0,1,0,0,1
1500-1999,E70,14,7,0,7,0.5,0,0.5
1500-1999,E71,6,2,1,3,0.3333333333333333,0.16666666666666666,0.5
1500-1999,E72,1,0,0,1,0,0,1
1500-1999,E73,7,2,0,5,0.2857142857142857,0,0.7142857142857143
1500-1999,E76,5,2,1,2,0.4,0.2,0.4
1500-1999,E80,3,1,0,2,0.3333333333333333,0,0.6666666666666666
1500-1999,E81,13,4,0,9,0.3076923076923077,0,0.6923076923076923
1500-1999,E82,1,0,0,1,0,0,1
1500-1999,E83,4,2,0,2,0.5,0,0.5
1500-1999,E84,1,1,0,0,1,0,0
1500-1999,E85,2,0,0,2,0,0,1
1500-1999,E90,29,15,2,12,0.5172413793103449,0.06896551724137931,0.41379310344827586
1500-1999,E91,21,10,1,10,0.47619047619047616,0.047619047619047616,0.47619047619047616
1500-1999,E92,3,1,1,1,0.3333333333333333,0.3333333333333333,0.3333333333333333
1500-1999,E94,3,2,1,0,0.6666666666666666,0.3333333333333333,0
1500-1999,E97,2,1,0,1,0.5,0,0.5
2000+,A00,94,48,0,46,0.5106382978723404,0,0.48936170212765956
2000+,A02,51,19,3,29,0.37254901960784315,0.058823529411764705,0.5686274509803921
2000+,A03,45,27,2,16,0.6,0.044444444444444446,0.35555555555555557
2000+,A04,7,5,0,2,0.7142857142857143,0,0.2857142857142857
2000+,A05,4,3,0,1,0.75,0,0.25
2000+,A06,3,2,0,1,0.6666666666666666,0,0.3333333333333333
2000+,A07,3,2,0,1,0.6666666666666666,0,0.3333333333333333
2000+,A08,3,2,0,1,0.6666666666666666,0,0.3333333333333333
2000+,A09,3,3,0,0,1,0,0
2000+,A10,1,1,0,0,1,0,0
2000+,A11,1,0,0,1,0,0,1
2000+,A13,1,0,1,0,0,1,0
2000+,A15,1,0,1,0,0,1,0
2000+,A16,6,0,1,5,0,0.16666666666666666,0.8333333333333334
2000+,A17,1,1,0,0,1,0,0
2000+,A18,1,0,0,1,0,0,1
2000+,A20,4,2,0,2,0.5,0,0.5
2000+,A21,7,3,0,4,0.42857142857142855,0,0.5714285714285714
2000+,A22,1,1,0,0,1,0,0
2000+,A23,1,1,0,0,1,0,0
2000+,A27,2,1,0,1,0.5,0,0.5
2000+,A29,2,2,0,0,1,0,0
2000+,A30,2,1,0,1,0.5,0,0.5
2000+,A31,2,0,0,2,0,0,1
2000+,A33,1,0,1,0,0,1,0
2000+,A35,1,0,0,1,0,0,1
2000+,A36,1,1,0,0,1,0,0
2000+,A40,28,17,2,9,0.6071428571428571,0.07142857142857142,0.32142857142857145
2000+,A41,2,1,1,0,0.5,0.5,0
2000+,A43,8,4,0,4,0.5,0,0.5
2000+,A44,1,0,0,1,0,0,1
2000+,A45,23,11,2,10,0.4782608695652174,0.08695652173913043,0.43478260869565216
2000+,A46,7,5,1,1,0.7142857142857143,0.14285714285714285,0.14285714285714285
2000+,A47,1,0,0,1,0,0,1
2000+,A48,3,0,0,3,0,0,1
2000+,A50,5,3,0,2,0.6,0,0.4
2000+,A51,20,8,3,9,0.4,0.15,0.45
2000+,A52,18,8,3,7,0.4444444444444444,0.16666666666666666,0.3888888888888889
2000+,A53,2,1,1,0,0.5,0.5,0
2000+,A56,4,1,0,3,0.25,0,0.75
2000+,A57,1,0,0,1,0,0,1
2000+,A60,3,2,0,1,0.6666666666666666,0,0.3333333333333333
2000+,A64,1,1,0,0,1,0,0
2000+,A67,2,1,0,1,0.5,0,0.5
2000+,A80,2,1,0,1,0.5,0,0.5
2000+,A84,1,1,0,0,1,0,0
2000+,A85,3,1,0,2,0.3333333333333333,0,0.6666666666666666
2000+,A91,1,0,1,0,0,1,0
2000+,B00,28,11,1,16,0.39285714285714285,0.03571428571428571,0.5714285714285714
2000+,B01,12,3,1,8,0.25,0.08333333333333333,0.6666666666666666
2000+,B02,15,7,2,6,0.4666666666666667,0.13333333333333333,0.4
2000+,B03,7,5,0,2,0.7142857142857143,0,0.2857142857142857
2000+,B04,2,0,1,1,0,0.5,0.5
2000+,B06,12,2,0,10,0.16666666666666666,0,0.8333333333333334
2000+,B07,19,8,2,9,0.42105263157894735,0.10526315789473684,0.47368421052631576
2000+,B08,3,1,0,2,0.3333333333333333,0,0.6666666666666666
2000+,B10,22,10,3,9,0.45454545454545453,0.13636363636363635,0.4090909090909091
2000+,B11,5,1,0,4,0.2,0,0.8
2000+,B12,12,9,1,2,0.75,0.08333333333333333,0.16666666666666666
2000+,B13,4,2,1,1,0.5,0.25,0.25
2000+,B14,1,0,0,1,0,0,1
2000+,B15,7,2,1,4,0.2857142857142857,0.14285714285714285,0.5714285714285714
2000+,B17,3,1,0,2,0.3333333333333333,0,0.6666666666666666
2000+,B18,5,3,0,2,0.6,0,0.4
2000+,B20,21,15,2,4,0.7142857142857143,0.09523809523809523,0.19047619047619047
2000+,B21,82,44,6,32,0.5365853658536586,0.07317073170731707,0.3902439024390244
2000+,B22,10,6,1,3,0.6,0.1,0.3
2000+,B23,17,13,0,4,0.7647058823529411,0,0.23529411764705882
2000+,B24,1,1,0,0,1,0,0
2000+,B27,1,0,0,1,0,0,1
2000+,B28,18,11,3,4,0.6111111111111112,0.16666666666666666,0.2222222222222222
2000+,B29,1,1,0,0,1,0,0
2000+,B30,36,12,3,21,0.3333333333333333,0.08333333333333333,0.5833333333333334
2000+,B31,8,3,0,5,0.375,0,0.625
2000+,B32,12,5,0,7,0.4166666666666667,0,0.5833333333333334
2000+,B33,5,3,0,2,0.6,0,0.4
2000+,B34,6,4,0,2,0.6666666666666666,0,0.3333333333333333
2000+,B35,2,2,0,0,1,0,0
2000+,B38,4,2,1,1,0.5,0.25,0.25
2000+,B39,1,0,0,1,0,0,1
2000+,B40,16,4,1,11,0.25,0.0625,0.6875
2000+,B41,2,2,0,0,1,0,0
2000+,B42,3,0,1,2,0,0.3333333333333333,0.6666666666666666
2000+,B43,6,4,0,2,0.6666666666666666,0,0.3333333333333333
2000+,B44,4,4,0,0,1,0,0
2000+,B45,1,1,0,0,1,0,0
2000+,B47,1,0,0,1,0,0,1
2000+,B50,9,4,1,4,0.4444444444444444,0.1111111111111111,0.4444444444444444
2000+,B51,5,1,0,4,0.2,0,0.8
2000+,B52,4,3,1,0,0.75,0.25,0
2000+,B53,3,1,0,2,0.3333333333333333,0,0.6666666666666666
2000+,B54,1,0,0,1,0,0,1
2000+,B56,1,1,0,0,1,0,0
2000+,B57,1,0,0,1,0,0,1
2000+,B60,1,0,0,1,0,0,1
2000+,B62,1,0,0,1,0,0,1
2000+,B72,6,2,0,4,0.3333333333333333,0,0.6666666666666666
2000+,B73,1,0,0,1,0,0,1
2000+,B80,1,0,0,1,0,0,1
2000+,B83,1,0,0,1,0,0,1
2000+,B84,4,1,3,0,0.25,0.75,0
2000+,B85,3,1,2,0,0.3333333333333333,0.6666666666666666,0
2000+,B86,1,0,0,1,0,0,1
2000+,B87,1,1,0,0,1,0,0
2000+,B89,2,1,0,1,0.5,0,0.5
2000+,B90,7,4,1,2,0.5714285714285714,0.14285714285714285,0.2857142857142857
2000+,B91,3,0,0,3,0,0,1
2000+,B92,3,2,0,1,0.6666666666666666,0,0.3333333333333333
2000+,B94,2,1,0,1,0.5,0,0.5
2000+,B96,1,1,0,0,1,0,0
2000+,B97,1,1,0,0,1,0,0
2000+,C00,54,26,3,25,0.48148148148148145,0.05555555555555555,0.46296296296296297
2000+,C01,9,6,1,2,0.6666666666666666,0.1111111111111111,0.2222222222222222
2000+,C02,36,29,1,6,0.8055555555555556,0.027777777777777776,0.16666666666666666
2000+,C05,2,1,0,1,0.5,0,0.5
2000+,C10,7,5,1,1,0.7142857142857143,0.14285714285714285,0.14285714285714285
2000+,C11,11,3,1,7,0.2727272727272727,0.09090909090909091,0.6363636363636364
2000+,C12,2,1,0,1,0.5,0,0.5
2000+,C13,4,1,2,1,0.25,0.5,0.25
2000+,C14,5,3,0,2,0.6,0,0.4
2000+,C15,2,0,0,2,0,0,1
2000+,C16,1,1,0,0,1,0,0
2000+,C17,3,2,0,1,0.6666666666666666,0,0.3333333333333333
2000+,C20,6,4,0,2,0.6666666666666666,0,0.3333333333333333
2000+,C21,3,2,1,0,0.6666666666666666,0.3333333333333333,0
2000+,C23,7,2,1,4,0.2857142857142857,0.14285714285714285,0.5714285714285714
2000+,C24,2,0,2,0,0,1,0
2000+,C25,2,0,0,2,0,0,1
2000+,C26,7,4,0,3,0.5714285714285714,0,0.42857142857142855
2000+,C28,2,0,0,2,0,0,1
2000+,C29,1,1,0,0,1,0,0
2000+,C30,13,2,1,10,0.15384615384615385,0.07692307692307693,0.7692307692307693
2000+,C31,3,1,0,2,0.3333333333333333,0,0.6666666666666666
2000+,C32,1,0,0,1,0,0,1
2000+,C33,12,5,0,7,0.4166666666666667,0,0.5833333333333334
2000+,C34,4,1,0,3,0.25,0,0.75
2000+,C35,1,1,0,0,1,0,0
2000+,C36,3,1,0,2,0.3333333333333333,0,0.6666666666666666
2000+,C38,1,1,0,0,1,0,0
2000+,C39,8,1,0,7,0.125,0,0.875
2000+,C40,13,8,0,5,0.6153846153846154,0,0.38461538461538464
2000+,C41,46,13,8,25,0.2826086956521739,0.17391304347826086,0.5434782608695652
2000+,C42,16,4,3,9,0.25,0.1875,0.5625
2000+,C43,6,2,0,4,0.3333333333333333,0,0.6666666666666666
2000+,C44,9,6,0,3,0.6666666666666666,0,0.3333333333333333
2000+,C45,27,7,4,16,0.25925925925925924,0.14814814814814814,0.5925925925925926
2000+,C46,1,0,0,1,0,0,1
2000+,C47,22,3,3,16,0.13636363636363635,0.13636363636363635,0.7272727272727273
2000+,C48,4,2,0,2,0.5,0,0.5
2000+,C50,13,4,1,8,0.3076923076923077,0.07692307692307693,0.6153846153846154
2000+,C51,1,0,0,1,0,0,1
2000+,C54,2,0,0,2,0,0,1
2000+,C55,16,6,2,8,0.375,0.125,0.5
2000+,C57,2,1,0,1,0.5,0,0.5
2000+,C58,3,2,0,1,0.6666666666666666,0,0.3333333333333333
2000+,C60,1,1,0,0,1,0,0
2000+,C61,4,2,0,2,0.5,0,0.5
2000+,C62,4,0,0,4,0,0,1
2000+,C64,1,0,0,1,0,0,1
2000+,C65,2,0,1,1,0,0.5,0.5
2000+,C66,2,2,0,0,1,0,0
2000+,C67,2,0,0,2,0,0,1
2000+,C68,2,1,0,1,0.5,0,0.5
2000+,C69,1,0,0,1,0,0,1
2000+,C78,2,2,0,0,1,0,0
2000+,C80,1,1,0,0,1,0,0
2000+,C84,4,1,0,3,0.25,0,0.75
2000+,C88,1,1,0,0,1,0,0
2000+,D00,15,11,1,3,0.7333333333333333,0.06666666666666667,0.2
2000+,D01,1,0,0,1,0,0,1
2000+,D02,33,13,5,15,0.3939393939393939,0.15151515151515152,0.45454545454545453
2000+,D03,7,3,2,2,0.42857142857142855,0.2857142857142857,0.2857142857142857
2000+,D05,1,1,0,0,1,0,0
2000+,D06,12,4,1,7,0.3333333333333333,0.08333333333333333,0.5833333333333334
2000+,D07,1,0,0,1,0,0,1
2000+,D08,1,0,1,0,0,1,0
2000+,D10,16,4,2,10,0.25,0.125,0.625
2000+,D11,6,3,0,3,0.5,0,0.5
2000+,D12,2,0,1,1,0,0.5,0.5
2000+,D13,1,1,0,0,1,0,0
2000+,D15,1,0,0,1,0,0,1
2000+,D20,3,1,0,2,0.3333333333333333,0,0.6666666666666666
2000+,D30,5,1,0,4,0.2,0,0.8
2000+,D31,14,10,0,4,0.7142857142857143,0,0.2857142857142857
2000+,D32,1,0,0,1,0,0,1
2000+,D35,14,5,1,8,0.35714285714285715,0.07142857142857142,0.5714285714285714
2000+,D36,7,1,1,5,0.14285714285714285,0.14285714285714285,0.7142857142857143
2000+,D37,9,7,1,1,0.7777777777777778,0.1111111111111111,0.1111111111111111
2000+,D38,2,1,0,1,0.5,0,0.5
2000+,D40,2,2,0,0,1,0,0
2000+,D41,2,1,1,0,0.5,0.5,0
2000+,D43,7,3,1,3,0.42857142857142855,0.14285714285714285,0.42857142857142855
2000+,D45,2,1,1,0,0.5,0.5,0
2000+,D50,2,0,0,2,0,0,1
2000+,D53,2,1,1,0,0.5,0.5,0
2000+,D55,1,0,1,0,0,1,0
2000+,D60,2,0,1,1,0,0.5,0.5
2000+,D80,1,0,0,1,0,0,1
2000+,D85,3,1,0,2,0.3333333333333333,0,0.6666666666666666
2000+,D87,1,0,0,1,0,0,1
2000+,D91,1,0,0,1,0,0,1
2000+,D93,1,1,0,0,1,0,0
2000+,D94,7,2,3,2,0.2857142857142857,0.42857142857142855,0.2857142857142857
2000+,E00,6,1,2,3,0.16666666666666666,0.3333333333333333,0.5
2000+,E01,1,0,0,1,0,0,1
2000+,E06,1,1,0,0,1,0,0
2000+,E07,1,1,0,0,1,0,0
2000+,E11,1,0,0,1,0,0,1
2000+,E20,6,1,1,4,0.16666666666666666,0.16666666666666666,0.6666666666666666
2000+,E21,1,0,1,0,0,1,0
2000+,E22,5,1,2,2,0.2,0.4,0.4
2000+,E24,1,0,1,0,0,1,0
2000+,E27,2,0,0,2,0,0,1
2000+,E34,1,0,0,1,0,0,1
2000+,E38,1,0,0,1,0,0,1
2000+,E39,1,0,0,1,0,0,1
2000+,E48,1,0,0,1,0,0,1
2000+,E60,1,0,0,1,0,0,1
2000+,E61,3,1,0,2,0.3333333333333333,0,0.6666666666666666
2000+,E62,1,0,0,1,0,0,1
2000+,E67,1,1,0,0,1,0,0
2000+,E70,2,2,0,0,1,0,0
2000+,E72,1,0,0,1,0,0,1
2000+,E77,2,2,0,0,1,0,0
2000+,E79,1,0,0,1,0,0,1
2000+,E81,1,0,0,1,0,0,1
2000+,E85,1,0,0,1,0,0,1
2000+,E90,5,2,0,3,0.4,0,0.6
2000+,E91,2,0,0,2,0,0,1
2000+,E92,3,1,1,1,0.3333333333333333,0.3333333333333333,0.3333333333333333
2000+,E94,1,1,0,0,1,0,0
2000+,E97,1,1,0,0,1,0,0
