EloGroup,ECO,Count,Proportion
1000-1499,A00,282,0.09209666884389288
1000-1499,C41,202,0.0659699542782495
1000-1499,D00,191,0.06237753102547355
1000-1499,C20,168,0.054866100587851074
1000-1499,A40,146,0.04768125408229915
1000-1499,D02,139,0.04539516655780536
1000-1499,C00,113,0.03690398432397126
1000-1499,B01,109,0.03559764859568909
1000-1499,B00,108,0.03527106466361855
1000-1499,B07,98,0.03200522534291313
1000-1499,C50,79,0.025800130633572827
1000-1499,C44,71,0.023187459177008492
1000-1499,C40,70,0.022860875244937948
1000-1499,C23,65,0.021227955584585238
1000-1499,B20,64,0.020901371652514697
1000-1499,B06,54,0.017635532331809273
1000-1499,C42,53,0.017308948399738733
1000-1499,A45,43,0.014043109079033311
1000-1499,A04,39,0.012736773350751143
1000-1499,C21,39,0.012736773350751143
1000-1499,C30,37,0.012083605486610059
1000-1499,C02,31,0.010124101894186806
1000-1499,C60,30,0.009797517962116264
1000-1499,D06,29,0.009470934030045721
1000-1499,D20,29,0.009470934030045721
1000-1499,C25,28,0.009144350097975179
1000-1499,A01,25,0.008164598301763554
1000-1499,A41,24,0.007838014369693011
1000-1499,C47,23,0.007511430437622469
1000-1499,B40,22,0.007184846505551927
1000-1499,C64,22,0.007184846505551927
1000-1499,B10,21,0.006858262573481384
1000-1499,C26,21,0.006858262573481384
1000-1499,B30,20,0.006531678641410843
1000-1499,C45,20,0.006531678641410843
1000-1499,D04,20,0.006531678641410843
1000-1499,D31,19,0.0062050947093403004
1000-1499,A02,17,0.005551926845199217
1000-1499,A20,16,0.005225342913128674
1000-1499,B22,16,0.005225342913128674
1000-1499,C62,16,0.005225342913128674
1000-1499,A46,15,0.004898758981058132
1000-1499,C24,15,0.004898758981058132
1000-1499,C34,15,0.004898758981058132
1000-1499,C65,15,0.004898758981058132
1000-1499,A10,14,0.0045721750489875895
1000-1499,C22,14,0.0045721750489875895
1000-1499,C46,14,0.0045721750489875895
1000-1499,C55,14,0.0045721750489875895
1000-1499,A43,13,0.004245591116917048
1000-1499,A06,12,0.003919007184846506
1000-1499,B02,12,0.003919007184846506
1000-1499,B12,12,0.003919007184846506
1000-1499,B50,12,0.003919007184846506
1000-1499,C57,11,0.0035924232527759633
1000-1499,C68,11,0.0035924232527759633
1000-1499,D30,11,0.0035924232527759633
1000-1499,A03,10,0.0032658393207054214
1000-1499,C61,10,0.0032658393207054214
1000-1499,B21,9,0.002939255388634879
1000-1499,B51,8,0.002612671456564337
1000-1499,C01,8,0.002612671456564337
1000-1499,C43,8,0.002612671456564337
1000-1499,C77,8,0.002612671456564337
1000-1499,D10,8,0.002612671456564337
1000-1499,A48,7,0.0022860875244937948
1000-1499,C28,6,0.001959503592423253
1000-1499,C48,6,0.001959503592423253
1000-1499,C58,6,0.001959503592423253
1000-1499,D50,5,0.0016329196603527107
1000-1499,E00,5,0.0016329196603527107
1000-1499,A21,4,0.0013063357282821686
1000-1499,C49,4,0.0013063357282821686
1000-1499,C51,4,0.0013063357282821686
1000-1499,D07,4,0.0013063357282821686
1000-1499,A15,3,9.797517962116264e-4
1000-1499,A80,3,9.797517962116264e-4
1000-1499,B24,3,9.797517962116264e-4
1000-1499,B27,3,9.797517962116264e-4
1000-1499,B52,3,9.797517962116264e-4
1000-1499,D01,3,9.797517962116264e-4
1000-1499,D35,3,9.797517962116264e-4
1000-1499,D37,3,9.797517962116264e-4
1000-1499,D38,3,9.797517962116264e-4
1000-1499,E61,3,9.797517962116264e-4
1000-1499,A05,2,6.531678641410843e-4
1000-1499,A07,2,6.531678641410843e-4
1000-1499,A13,2,6.531678641410843e-4
1000-1499,A22,2,6.531678641410843e-4
1000-1499,A30,2,6.531678641410843e-4
1000-1499,A34,2,6.531678641410843e-4
1000-1499,A50,2,6.531678641410843e-4
1000-1499,A53,2,6.531678641410843e-4
1000-1499,B32,2,6.531678641410843e-4
1000-1499,B82,2,6.531678641410843e-4
1000-1499,C10,2,6.531678641410843e-4
1000-1499,C36,2,6.531678641410843e-4
1000-1499,C39,2,6.531678641410843e-4
1000-1499,C53,2,6.531678641410843e-4
1000-1499,C54,2,6.531678641410843e-4
1000-1499,C66,2,6.531678641410843e-4
1000-1499,C79,2,6.531678641410843e-4
1000-1499,D11,2,6.531678641410843e-4
1000-1499,A09,1,3.2658393207054214e-4
1000-1499,A11,1,3.2658393207054214e-4
1000-1499,A17,1,3.2658393207054214e-4
1000-1499,A18,1,3.2658393207054214e-4
1000-1499,A25,1,3.2658393207054214e-4
1000-1499,A44,1,3.2658393207054214e-4
1000-1499,A47,1,3.2658393207054214e-4
1000-1499,A52,1,3.2658393207054214e-4
1000-1499,A56,1,3.2658393207054214e-4
1000-1499,B03,1,3.2658393207054214e-4
1000-1499,B04,1,3.2658393207054214e-4
1000-1499,B08,1,3.2658393207054214e-4
1000-1499,B15,1,3.2658393207054214e-4
1000-1499,B18,1,3.2658393207054214e-4
1000-1499,B23,1,3.2658393207054214e-4
1000-1499,B33,1,3.2658393207054214e-4
1000-1499,B44,1,3.2658393207054214e-4
1000-1499,B45,1,3.2658393207054214e-4
1000-1499,B46,1,3.2658393207054214e-4
1000-1499,B54,1,3.2658393207054214e-4
1000-1499,B90,1,3.2658393207054214e-4
1000-1499,C11,1,3.2658393207054214e-4
1000-1499,C13,1,3.2658393207054214e-4
1000-1499,C15,1,3.2658393207054214e-4
1000-1499,C29,1,3.2658393207054214e-4
1000-1499,C31,1,3.2658393207054214e-4
1000-1499,C35,1,3.2658393207054214e-4
1000-1499,C37,1,3.2658393207054214e-4
1000-1499,C67,1,3.2658393207054214e-4
1000-1499,C70,1,3.2658393207054214e-4
1000-1499,C71,1,3.2658393207054214e-4
1000-1499,C78,1,3.2658393207054214e-4
1000-1499,D03,1,3.2658393207054214e-4
1000-1499,D08,1,3.2658393207054214e-4
1000-1499,D12,1,3.2658393207054214e-4
1000-1499,D15,1,3.2658393207054214e-4
1000-1499,D24,1,3.2658393207054214e-4
1000-1499,D26,1,3.2658393207054214e-4
1000-1499,D51,1,3.2658393207054214e-4
1000-1499,D63,1,3.2658393207054214e-4
1000-1499,D70,1,3.2658393207054214e-4
1000-1499,D80,1,3.2658393207054214e-4
1000-1499,E10,1,3.2658393207054214e-4
1000-1499,E30,1,3.2658393207054214e-4
1000-1499,E34,1,3.2658393207054214e-4
1000-1499,E60,1,3.2658393207054214e-4
1000-1499,E90,1,3.2658393207054214e-4
1500-1999,C41,1593,0.06268198630676006
1500-1999,A00,1181,0.046470449358621234
1500-1999,D00,950,0.037380971118281266
1500-1999,B01,899,0.03537420319508932
1500-1999,C50,863,0.03395766113165972
1500-1999,B00,791,0.031124577004800504
1500-1999,C00,755,0.0297080349413709
1500-1999,C44,752,0.029589989769418432
1500-1999,D02,710,0.02793735736208389
1500-1999,B07,702,0.027622570236877312
1500-1999,B20,698,0.027465176674274023
1500-1999,A40,681,0.02679625403321004
1500-1999,C20,519,0.020421814747776816
1500-1999,C42,429,0.0168804595892028
1500-1999,B30,416,0.016368930510742112
1500-1999,C23,408,0.01605414338553553
1500-1999,C30,404,0.01589674982293224
1500-1999,B06,400,0.015739356260328952
1500-1999,B21,385,0.015149130400566617
1500-1999,C02,372,0.014637601322105925
1500-1999,B50,325,0.012788226961517274
1500-1999,C40,315,0.012394743055009051
1500-1999,B22,303,0.011922562367199182
1500-1999,C45,296,0.011647123632643424
1500-1999,A04,290,0.01141103328873849
1500-1999,A45,283,0.011135594554182733
1500-1999,B10,274,0.010781459038325333
1500-1999,C55,245,0.009640355709451483
1500-1999,C25,243,0.009561658928149839
1500-1999,D20,232,0.009128826630990792
1500-1999,C34,210,0.0082631620366727
1500-1999,B40,196,0.007712284567561187
1500-1999,C24,196,0.007712284567561187
1500-1999,A02,192,0.007554891004957897
1500-1999,D06,192,0.007554891004957897
1500-1999,B12,187,0.007358149051703785
1500-1999,C01,182,0.007161407098449674
1500-1999,B23,173,0.006807271582592272
1500-1999,A06,171,0.006728574801290627
1500-1999,A03,165,0.006492484457385693
1500-1999,C60,158,0.006217045722829937
1500-1999,C21,156,0.006138348941528291
1500-1999,C26,155,0.006099000550877469
1500-1999,B02,150,0.0059022585976233576
1500-1999,D10,150,0.0059022585976233576
1500-1999,C47,149,0.005862910206972534
1500-1999,A41,145,0.005705516644369245
1500-1999,B32,140,0.005508774691115133
1500-1999,C62,115,0.004525064924844574
1500-1999,C57,110,0.004328322971590462
1500-1999,D31,110,0.004328322971590462
1500-1999,A20,108,0.004249626190288817
1500-1999,D30,102,0.004013535846383883
1500-1999,A46,101,0.00397418745573306
1500-1999,C46,99,0.003895490674431416
1500-1999,C65,98,0.0038561422837805935
1500-1999,C61,94,0.003698748721177304
1500-1999,A09,93,0.0036594003305264813
1500-1999,B28,90,0.0035413551585740145
1500-1999,C22,90,0.0035413551585740145
1500-1999,A10,89,0.003502006767923192
1500-1999,B13,89,0.003502006767923192
1500-1999,C33,84,0.00330526481466908
1500-1999,C54,83,0.003265916424018258
1500-1999,C53,82,0.003226568033367435
1500-1999,C31,76,0.002990477689462501
1500-1999,A48,74,0.002911780908160856
1500-1999,A22,73,0.002872432517510034
1500-1999,C64,71,0.0027937357362083893
1500-1999,B27,65,0.002557645392303455
1500-1999,A43,63,0.00247894861100181
1500-1999,D11,61,0.0024002518297001653
1500-1999,C68,60,0.002360903439049343
1500-1999,A21,57,0.002242858267096876
1500-1999,C10,57,0.002242858267096876
1500-1999,A80,56,0.0022035098764460535
1500-1999,C36,55,0.002164161485795231
1500-1999,D43,55,0.002164161485795231
1500-1999,E00,55,0.002164161485795231
1500-1999,A30,53,0.0020854647044935863
1500-1999,B54,53,0.0020854647044935863
1500-1999,D07,53,0.0020854647044935863
1500-1999,D35,53,0.0020854647044935863
1500-1999,C58,52,0.002046116313842764
1500-1999,A01,51,0.0020067679231919413
1500-1999,A13,51,0.0020067679231919413
1500-1999,A51,51,0.0020067679231919413
1500-1999,C11,47,0.001849374360588652
1500-1999,B08,45,0.0017706775792870073
1500-1999,C37,45,0.0017706775792870073
1500-1999,C29,44,0.0017313291886361848
1500-1999,D04,43,0.0016919807979853623
1500-1999,A07,39,0.0015345872353820728
1500-1999,C28,39,0.0015345872353820728
1500-1999,D03,39,0.0015345872353820728
1500-1999,D05,39,0.0015345872353820728
1500-1999,A53,38,0.0014952388447312505
1500-1999,A11,35,0.0013771936727787833
1500-1999,A50,35,0.0013771936727787833
1500-1999,A52,35,0.0013771936727787833
1500-1999,B03,35,0.0013771936727787833
1500-1999,E61,35,0.0013771936727787833
1500-1999,D15,34,0.001337845282127961
1500-1999,D53,34,0.001337845282127961
1500-1999,B34,33,0.0012984968914771385
1500-1999,C67,32,0.0012591485008263163
1500-1999,D37,32,0.0012591485008263163
1500-1999,A05,31,0.0012198001101754938
1500-1999,B31,31,0.0012198001101754938
1500-1999,B44,31,0.0012198001101754938
1500-1999,D12,31,0.0012198001101754938
1500-1999,D32,31,0.0012198001101754938
1500-1999,A85,30,0.0011804517195246715
1500-1999,B33,30,0.0011804517195246715
1500-1999,C35,30,0.0011804517195246715
1500-1999,B51,29,0.001141103328873849
1500-1999,E90,29,0.001141103328873849
1500-1999,A47,28,0.0011017549382230268
1500-1999,B43,28,0.0011017549382230268
1500-1999,D38,28,0.0011017549382230268
1500-1999,B90,26,0.001023058156921382
1500-1999,C77,26,0.001023058156921382
1500-1999,C51,25,9.837097662705595e-4
1500-1999,D40,25,9.837097662705595e-4
1500-1999,B45,24,9.443613756197371e-4
1500-1999,B18,23,9.050129849689148e-4
1500-1999,C48,23,9.050129849689148e-4
1500-1999,B73,22,8.656645943180924e-4
1500-1999,E60,22,8.656645943180924e-4
1500-1999,A34,21,8.2631620366727e-4
1500-1999,A35,21,8.2631620366727e-4
1500-1999,E91,21,8.2631620366727e-4
1500-1999,A16,20,7.869678130164476e-4
1500-1999,A56,20,7.869678130164476e-4
1500-1999,C70,20,7.869678130164476e-4
1500-1999,B15,19,7.476194223656253e-4
1500-1999,B46,19,7.476194223656253e-4
1500-1999,C05,19,7.476194223656253e-4
1500-1999,C39,19,7.476194223656253e-4
1500-1999,C43,19,7.476194223656253e-4
1500-1999,A15,18,7.082710317148029e-4
1500-1999,B52,18,7.082710317148029e-4
1500-1999,C52,18,7.082710317148029e-4
1500-1999,A36,17,6.689226410639805e-4
1500-1999,B41,17,6.689226410639805e-4
1500-1999,B53,16,6.295742504131581e-4
1500-1999,D01,16,6.295742504131581e-4
1500-1999,D08,16,6.295742504131581e-4
1500-1999,D45,16,6.295742504131581e-4
1500-1999,A42,15,5.902258597623358e-4
1500-1999,D92,15,5.902258597623358e-4
1500-1999,B70,14,5.508774691115134e-4
1500-1999,C07,14,5.508774691115134e-4
1500-1999,D21,14,5.508774691115134e-4
1500-1999,D60,14,5.508774691115134e-4
1500-1999,E70,14,5.508774691115134e-4
1500-1999,A25,13,5.11529078460691e-4
1500-1999,D50,13,5.11529078460691e-4
1500-1999,E20,13,5.11529078460691e-4
1500-1999,E81,13,5.11529078460691e-4
1500-1999,A08,12,4.7218068780986857e-4
1500-1999,B84,12,4.7218068780986857e-4
1500-1999,C66,12,4.7218068780986857e-4
1500-1999,C78,12,4.7218068780986857e-4
1500-1999,E30,12,4.7218068780986857e-4
1500-1999,C17,11,4.328322971590462e-4
1500-1999,C59,11,4.328322971590462e-4
1500-1999,E21,11,4.328322971590462e-4
1500-1999,B05,10,3.934839065082238e-4
1500-1999,B24,10,3.934839065082238e-4
1500-1999,B38,10,3.934839065082238e-4
1500-1999,B56,10,3.934839065082238e-4
1500-1999,B86,10,3.934839065082238e-4
1500-1999,C15,10,3.934839065082238e-4
1500-1999,C16,10,3.934839065082238e-4
1500-1999,C63,10,3.934839065082238e-4
1500-1999,D13,10,3.934839065082238e-4
1500-1999,D24,10,3.934839065082238e-4
1500-1999,D85,10,3.934839065082238e-4
1500-1999,D94,10,3.934839065082238e-4
1500-1999,A28,9,3.5413551585740144e-4
1500-1999,B72,9,3.5413551585740144e-4
1500-1999,C18,9,3.5413551585740144e-4
1500-1999,E01,9,3.5413551585740144e-4
1500-1999,A17,8,3.1478712520657907e-4
1500-1999,A29,8,3.1478712520657907e-4
1500-1999,A57,8,3.1478712520657907e-4
1500-1999,B19,8,3.1478712520657907e-4
1500-1999,B85,8,3.1478712520657907e-4
1500-1999,D51,8,3.1478712520657907e-4
1500-1999,E11,8,3.1478712520657907e-4
1500-1999,A44,7,2.754387345557567e-4
1500-1999,A82,7,2.754387345557567e-4
1500-1999,B14,7,2.754387345557567e-4
1500-1999,B29,7,2.754387345557567e-4
1500-1999,B58,7,2.754387345557567e-4
1500-1999,B92,7,2.754387345557567e-4
1500-1999,C13,7,2.754387345557567e-4
1500-1999,C38,7,2.754387345557567e-4
1500-1999,C80,7,2.754387345557567e-4
1500-1999,D80,7,2.754387345557567e-4
1500-1999,D91,7,2.754387345557567e-4
1500-1999,E73,7,2.754387345557567e-4
1500-1999,A31,6,2.3609034390493429e-4
1500-1999,B80,6,2.3609034390493429e-4
1500-1999,C12,6,2.3609034390493429e-4
1500-1999,C88,6,2.3609034390493429e-4
1500-1999,D26,6,2.3609034390493429e-4
1500-1999,D90,6,2.3609034390493429e-4
1500-1999,E10,6,2.3609034390493429e-4
1500-1999,E12,6,2.3609034390493429e-4
1500-1999,E24,6,2.3609034390493429e-4
1500-1999,E71,6,2.3609034390493429e-4
1500-1999,A23,5,1.967419532541119e-4
1500-1999,A38,5,1.967419532541119e-4
1500-1999,B09,5,1.967419532541119e-4
1500-1999,B17,5,1.967419532541119e-4
1500-1999,B25,5,1.967419532541119e-4
1500-1999,B59,5,1.967419532541119e-4
1500-1999,B88,5,1.967419532541119e-4
1500-1999,C14,5,1.967419532541119e-4
1500-1999,D25,5,1.967419532541119e-4
1500-1999,D46,5,1.967419532541119e-4
1500-1999,D55,5,1.967419532541119e-4
1500-1999,D70,5,1.967419532541119e-4
1500-1999,D78,5,1.967419532541119e-4
1500-1999,E27,5,1.967419532541119e-4
1500-1999,E76,5,1.967419532541119e-4
1500-1999,A18,4,1.5739356260328953e-4
1500-1999,A27,4,1.5739356260328953e-4
1500-1999,A33,4,1.5739356260328953e-4
1500-1999,A70,4,1.5739356260328953e-4
1500-1999,A81,4,1.5739356260328953e-4
1500-1999,A83,4,1.5739356260328953e-4
1500-1999,B42,4,1.5739356260328953e-4
1500-1999,B57,4,1.5739356260328953e-4
1500-1999,B75,4,1.5739356260328953e-4
1500-1999,B76,4,1.5739356260328953e-4
1500-1999,B83,4,1.5739356260328953e-4
1500-1999,B95,4,1.5739356260328953e-4
1500-1999,C06,4,1.5739356260328953e-4
1500-1999,C71,4,1.5739356260328953e-4
1500-1999,C72,4,1.5739356260328953e-4
1500-1999,C75,4,1.5739356260328953e-4
1500-1999,C84,4,1.5739356260328953e-4
1500-1999,C87,4,1.5739356260328953e-4
1500-1999,C92,4,1.5739356260328953e-4
1500-1999,D22,4,1.5739356260328953e-4
1500-1999,D47,4,1.5739356260328953e-4
1500-1999,D82,4,1.5739356260328953e-4
1500-1999,D93,4,1.5739356260328953e-4
1500-1999,E32,4,1.5739356260328953e-4
1500-1999,E51,4,1.5739356260328953e-4
1500-1999,E67,4,1.5739356260328953e-4
1500-1999,E83,4,1.5739356260328953e-4
1500-1999,A12,3,1.1804517195246714e-4
1500-1999,A62,3,1.1804517195246714e-4
1500-1999,A84,3,1.1804517195246714e-4
1500-1999,A88,3,1.1804517195246714e-4
1500-1999,A90,3,1.1804517195246714e-4
1500-1999,B35,3,1.1804517195246714e-4
1500-1999,B47,3,1.1804517195246714e-4
1500-1999,B49,3,1.1804517195246714e-4
1500-1999,B78,3,1.1804517195246714e-4
1500-1999,C03,3,1.1804517195246714e-4
1500-1999,C32,3,1.1804517195246714e-4
1500-1999,C49,3,1.1804517195246714e-4
1500-1999,C79,3,1.1804517195246714e-4
1500-1999,D58,3,1.1804517195246714e-4
1500-1999,E14,3,1.1804517195246714e-4
1500-1999,E34,3,1.1804517195246714e-4
1500-1999,E38,3,1.1804517195246714e-4
1500-1999,E41,3,1.1804517195246714e-4
1500-1999,E62,3,1.1804517195246714e-4
1500-1999,E80,3,1.1804517195246714e-4
1500-1999,E92,3,1.1804517195246714e-4
1500-1999,E94,3,1.1804517195246714e-4
1500-1999,A32,2,7.869678130164477e-5
1500-1999,A37,2,7.869678130164477e-5
1500-1999,A49,2,7.869678130164477e-5
1500-1999,A60,2,7.869678130164477e-5
1500-1999,A65,2,7.869678130164477e-5
1500-1999,A73,2,7.869678130164477e-5
1500-1999,A98,2,7.869678130164477e-5
1500-1999,B04,2,7.869678130164477e-5
1500-1999,B11,2,7.869678130164477e-5
1500-1999,B36,2,7.869678130164477e-5
1500-1999,B74,2,7.869678130164477e-5
1500-1999,B77,2,7.869678130164477e-5
1500-1999,B89,2,7.869678130164477e-5
1500-1999,B91,2,7.869678130164477e-5
1500-1999,B93,2,7.869678130164477e-5
1500-1999,B94,2,7.869678130164477e-5
1500-1999,B98,2,7.869678130164477e-5
1500-1999,C27,2,7.869678130164477e-5
1500-1999,C56,2,7.869678130164477e-5
1500-1999,C89,2,7.869678130164477e-5
1500-1999,C90,2,7.869678130164477e-5
1500-1999,D09,2,7.869678130164477e-5
1500-1999,D16,2,7.869678130164477e-5
1500-1999,D23,2,7.869678130164477e-5
1500-1999,D33,2,7.869678130164477e-5
1500-1999,D34,2,7.869678130164477e-5
1500-1999,D36,2,7.869678130164477e-5
1500-1999,D41,2,7.869678130164477e-5
1500-1999,D56,2,7.869678130164477e-5
1500-1999,D63,2,7.869678130164477e-5
1500-1999,D73,2,7.869678130164477e-5
1500-1999,D86,2,7.869678130164477e-5
1500-1999,E06,2,7.869678130164477e-5
1500-1999,E18,2,7.869678130164477e-5
1500-1999,E33,2,7.869678130164477e-5
1500-1999,E40,2,7.869678130164477e-5
1500-1999,E65,2,7.869678130164477e-5
1500-1999,E85,2,7.869678130164477e-5
1500-1999,E97,2,7.869678130164477e-5
1500-1999,A24,1,3.934839065082238e-5
1500-1999,A26,1,3.934839065082238e-5
1500-1999,A59,1,3.934839065082238e-5
1500-1999,A86,1,3.934839065082238e-5
1500-1999,A87,1,3.934839065082238e-5
1500-1999,A89,1,3.934839065082238e-5
1500-1999,A92,1,3.934839065082238e-5
1500-1999,A96,1,3.934839065082238e-5
1500-1999,B26,1,3.934839065082238e-5
1500-1999,B37,1,3.934839065082238e-5
1500-1999,B39,1,3.934839065082238e-5
1500-1999,B60,1,3.934839065082238e-5
1500-1999,B62,1,3.934839065082238e-5
1500-1999,B71,1,3.934839065082238e-5
1500-1999,B82,1,3.934839065082238e-5
1500-1999,B87,1,3.934839065082238e-5
1500-1999,B99,1,3.934839065082238e-5
1500-1999,C08,1,3.934839065082238e-5
1500-1999,C74,1,3.934839065082238e-5
1500-1999,C91,1,3.934839065082238e-5
1500-1999,C97,1,3.934839065082238e-5
1500-1999,D14,1,3.934839065082238e-5
1500-1999,D27,1,3.934839065082238e-5
1500-1999,D52,1,3.934839065082238e-5
1500-1999,D57,1,3.934839065082238e-5
1500-1999,D61,1,3.934839065082238e-5
1500-1999,D72,1,3.934839065082238e-5
1500-1999,D77,1,3.934839065082238e-5
1500-1999,E04,1,3.934839065082238e-5
1500-1999,E05,1,3.934839065082238e-5
1500-1999,E15,1,3.934839065082238e-5
1500-1999,E16,1,3.934839065082238e-5
1500-1999,E22,1,3.934839065082238e-5
1500-1999,E26,1,3.934839065082238e-5
1500-1999,E36,1,3.934839065082238e-5
1500-1999,E43,1,3.934839065082238e-5
1500-1999,E49,1,3.934839065082238e-5
1500-1999,E53,1,3.934839065082238e-5
1500-1999,E68,1,3.934839065082238e-5
1500-1999,E72,1,3.934839065082238e-5
1500-1999,E82,1,3.934839065082238e-5
1500-1999,E84,1,3.934839065082238e-5
2000+,A00,94,0.06167979002624672
2000+,B21,82,0.05380577427821522
2000+,C00,54,0.03543307086614173
2000+,A02,51,0.03346456692913386
2000+,C41,46,0.030183727034120734
2000+,A03,45,0.02952755905511811
2000+,B30,36,0.023622047244094488
2000+,C02,36,0.023622047244094488
2000+,D02,33,0.021653543307086614
2000+,A40,28,0.01837270341207349
2000+,B00,28,0.01837270341207349
2000+,C45,27,0.017716535433070866
2000+,A45,23,0.015091863517060367
2000+,B10,22,0.014435695538057743
2000+,C47,22,0.014435695538057743
2000+,B20,21,0.013779527559055118
2000+,A51,20,0.013123359580052493
2000+,B07,19,0.012467191601049869
2000+,A52,18,0.011811023622047244
2000+,B28,18,0.011811023622047244
2000+,B23,17,0.01115485564304462
2000+,B40,16,0.010498687664041995
2000+,C42,16,0.010498687664041995
2000+,C55,16,0.010498687664041995
2000+,D10,16,0.010498687664041995
2000+,B02,15,0.00984251968503937
2000+,D00,15,0.00984251968503937
2000+,D31,14,0.009186351706036745
2000+,D35,14,0.009186351706036745
2000+,C30,13,0.00853018372703412
2000+,C40,13,0.00853018372703412
2000+,C50,13,0.00853018372703412
2000+,B01,12,0.007874015748031496
2000+,B06,12,0.007874015748031496
2000+,B12,12,0.007874015748031496
2000+,B32,12,0.007874015748031496
2000+,C33,12,0.007874015748031496
2000+,D06,12,0.007874015748031496
2000+,C11,11,0.007217847769028871
2000+,B22,10,0.006561679790026247
2000+,B50,9,0.005905511811023622
2000+,C01,9,0.005905511811023622
2000+,C44,9,0.005905511811023622
2000+,D37,9,0.005905511811023622
2000+,A43,8,0.005249343832020997
2000+,B31,8,0.005249343832020997
2000+,C39,8,0.005249343832020997
2000+,A04,7,0.004593175853018373
2000+,A21,7,0.004593175853018373
2000+,A46,7,0.004593175853018373
2000+,B03,7,0.004593175853018373
2000+,B15,7,0.004593175853018373
2000+,B90,7,0.004593175853018373
2000+,C10,7,0.004593175853018373
2000+,C23,7,0.004593175853018373
2000+,C26,7,0.004593175853018373
2000+,D03,7,0.004593175853018373
2000+,D36,7,0.004593175853018373
2000+,D43,7,0.004593175853018373
2000+,D94,7,0.004593175853018373
2000+,A16,6,0.003937007874015748
2000+,B34,6,0.003937007874015748
2000+,B43,6,0.003937007874015748
2000+,B72,6,0.003937007874015748
2000+,C20,6,0.003937007874015748
2000+,C43,6,0.003937007874015748
2000+,D11,6,0.003937007874015748
2000+,E00,6,0.003937007874015748
2000+,E20,6,0.003937007874015748
2000+,A50,5,0.0032808398950131233
2000+,B11,5,0.0032808398950131233
2000+,B18,5,0.0032808398950131233
2000+,B33,5,0.0032808398950131233
2000+,B51,5,0.0032808398950131233
2000+,C14,5,0.0032808398950131233
2000+,D30,5,0.0032808398950131233
2000+,E22,5,0.0032808398950131233
2000+,E90,5,0.0032808398950131233
2000+,A05,4,0.0026246719160104987
2000+,A20,4,0.0026246719160104987
2000+,A56,4,0.0026246719160104987
2000+,B13,4,0.0026246719160104987
2000+,B38,4,0.0026246719160104987
2000+,B44,4,0.0026246719160104987
2000+,B52,4,0.0026246719160104987
2000+,B84,4,0.0026246719160104987
2000+,C13,4,0.0026246719160104987
2000+,C34,4,0.0026246719160104987
2000+,C48,4,0.0026246719160104987
2000+,C61,4,0.0026246719160104987
2000+,C62,4,0.0026246719160104987
2000+,C84,4,0.0026246719160104987
2000+,A06,3,0.001968503937007874
2000+,A07,3,0.001968503937007874
2000+,A08,3,0.001968503937007874
2000+,A09,3,0.001968503937007874
2000+,A48,3,0.001968503937007874
2000+,A60,3,0.001968503937007874
2000+,A85,3,0.001968503937007874
2000+,B08,3,0.001968503937007874
2000+,B17,3,0.001968503937007874
2000+,B42,3,0.001968503937007874
2000+,B53,3,0.001968503937007874
2000+,B85,3,0.001968503937007874
2000+,B91,3,0.001968503937007874
2000+,B92,3,0.001968503937007874
2000+,C17,3,0.001968503937007874
2000+,C21,3,0.001968503937007874
2000+,C31,3,0.001968503937007874
2000+,C36,3,0.001968503937007874
2000+,C58,3,0.001968503937007874
2000+,D20,3,0.001968503937007874
2000+,D85,3,0.001968503937007874
2000+,E61,3,0.001968503937007874
2000+,E92,3,0.001968503937007874
2000+,A27,2,0.0013123359580052493
2000+,A29,2,0.0013123359580052493
2000+,A30,2,0.0013123359580052493
2000+,A31,2,0.0013123359580052493
2000+,A41,2,0.0013123359580052493
2000+,A53,2,0.0013123359580052493
2000+,A67,2,0.0013123359580052493
2000+,A80,2,0.0013123359580052493
2000+,B04,2,0.0013123359580052493
2000+,B35,2,0.0013123359580052493
2000+,B41,2,0.0013123359580052493
2000+,B89,2,0.0013123359580052493
2000+,B94,2,0.0013123359580052493
2000+,C05,2,0.0013123359580052493
2000+,C12,2,0.0013123359580052493
2000+,C15,2,0.0013123359580052493
2000+,C24,2,0.0013123359580052493
2000+,C25,2,0.0013123359580052493
2000+,C28,2,0.0013123359580052493
2000+,C54,2,0.0013123359580052493
2000+,C57,2,0.0013123359580052493
2000+,C65,2,0.0013123359580052493
2000+,C66,2,0.0013123359580052493
2000+,C67,2,0.0013123359580052493
2000+,C68,2,0.0013123359580052493
2000+,C78,2,0.0013123359580052493
2000+,D12,2,0.0013123359580052493
2000+,D38,2,0.0013123359580052493
2000+,D40,2,0.0013123359580052493
2000+,D41,2,0.0013123359580052493
2000+,D45,2,0.0013123359580052493
2000+,D50,2,0.0013123359580052493
2000+,D53,2,0.0013123359580052493
2000+,D60,2,0.0013123359580052493
2000+,E27,2,0.0013123359580052493
2000+,E70,2,0.0013123359580052493
2000+,E77,2,0.0013123359580052493
2000+,E91,2,0.0013123359580052493
2000+,A10,1,6.561679790026247e-4
2000+,A11,1,6.561679790026247e-4
2000+,A13,1,6.561679790026247e-4
2000+,A15,1,6.561679790026247e-4
2000+,A17,1,6.561679790026247e-4
2000+,A18,1,6.561679790026247e-4
2000+,A22,1,6.561679790026247e-4
2000+,A23,1,6.561679790026247e-4
2000+,A33,1,6.561679790026247e-4
2000+,A35,1,6.561679790026247e-4
2000+,A36,1,6.561679790026247e-4
2000+,A44,1,6.561679790026247e-4
2000+,A47,1,6.561679790026247e-4
2000+,A57,1,6.561679790026247e-4
2000+,A64,1,6.561679790026247e-4
2000+,A84,1,6.561679790026247e-4
2000+,A91,1,6.561679790026247e-4
2000+,B14,1,6.561679790026247e-4
2000+,B24,1,6.561679790026247e-4
2000+,B27,1,6.561679790026247e-4
2000+,B29,1,6.561679790026247e-4
2000+,B39,1,6.561679790026247e-4
2000+,B45,1,6.561679790026247e-4
2000+,B47,1,6.561679790026247e-4
2000+,B54,1,6.561679790026247e-4
2000+,B56,1,6.561679790026247e-4
2000+,B57,1,6.561679790026247e-4
2000+,B60,1,6.561679790026247e-4
2000+,B62,1,6.561679790026247e-4
2000+,B73,1,6.561679790026247e-4
2000+,B80,1,6.561679790026247e-4
2000+,B83,1,6.561679790026247e-4
2000+,B86,1,6.561679790026247e-4
2000+,B87,1,6.561679790026247e-4
2000+,B96,1,6.561679790026247e-4
2000+,B97,1,6.561679790026247e-4
2000+,C16,1,6.561679790026247e-4
2000+,C29,1,6.561679790026247e-4
2000+,C32,1,6.561679790026247e-4
2000+,C35,1,6.561679790026247e-4
2000+,C38,1,6.561679790026247e-4
2000+,C46,1,6.561679790026247e-4
2000+,C51,1,6.561679790026247e-4
2000+,C60,1,6.561679790026247e-4
2000+,C64,1,6.561679790026247e-4
2000+,C69,1,6.561679790026247e-4
2000+,C80,1,6.561679790026247e-4
2000+,C88,1,6.561679790026247e-4
2000+,D01,1,6.561679790026247e-4
2000+,D05,1,6.561679790026247e-4
2000+,D07,1,6.561679790026247e-4
2000+,D08,1,6.561679790026247e-4
2000+,D13,1,6.561679790026247e-4
2000+,D15,1,6.561679790026247e-4
2000+,D32,1,6.561679790026247e-4
2000+,D55,1,6.561679790026247e-4
2000+,D80,1,6.561679790026247e-4
2000+,D87,1,6.561679790026247e-4
2000+,D91,1,6.561679790026247e-4
2000+,D93,1,6.561679790026247e-4
2000+,E01,1,6.561679790026247e-4
2000+,E06,1,6.561679790026247e-4
2000+,E07,1,6.561679790026247e-4
2000+,E11,1,6.561679790026247e-4
2000+,E21,1,6.561679790026247e-4
2000+,E24,1,6.561679790026247e-4
2000+,E34,1,6.561679790026247e-4
2000+,E38,1,6.561679790026247e-4
2000+,E39,1,6.561679790026247e-4
2000+,E48,1,6.561679790026247e-4
2000+,E60,1,6.561679790026247e-4
2000+,E62,1,6.561679790026247e-4
2000+,E67,1,6.561679790026247e-4
2000+,E72,1,6.561679790026247e-4
2000+,E79,1,6.561679790026247e-4
2000+,E81,1,6.561679790026247e-4
2000+,E85,1,6.561679790026247e-4
2000+,E94,1,6.561679790026247e-4
2000+,E97,1,6.561679790026247e-4
